uid,group,start_aa,end_aa,duration_aa,total_aa,aa1,aa2,aa3,aa4,aa5,aa6,aa7,aa8,start_as,end_as,duration_as,total_as,as1,as2,as3,as4,as5,as6,as7,as8,start_dd,end_dd,duration_dd,total_dd,dd1,dd2,dd3,dd4,dd5,dd6,dd7,dd8,start_in,end_in,duration_in,total_in,in1,in2,in3,in4,in5,in6,in7,in8,start_ii,end_ii,duration_ii,total_ii,ii1,ii2,ii3,ii4,ii5,ii6,ii7,ii8,sum_pre
1402020124,cont,10 March 2023  2:43 PM,10 March 2023  2:53 PM,600,3.00,0.00,1.00,1.00,0.00,0.00,0.00,1.00,0.00,10 March 2023  2:54 PM,10 March 2023  3:04 PM,582,5.00,0.00,1.00,1.00,0.00,1.00,1.00,1.00,0.00,10 March 2023  3:05 PM,10 March 2023  3:13 PM,487,6.00,0.00,1.00,1.00,1.00,1.00,0.00,1.00,1.00,10 March 2023  3:13 PM,10 March 2023  3:21 PM,429,2.00,1.00,0.00,0.00,0.00,0.00,0.00,1.00,0.00,10 March 2023  3:21 PM,10 March 2023  3:28 PM,463,6.00,1.00,1.00,0.00,1.00,1.00,1.00,0.00,1.00,22.00
1402020007,cont,10 March 2023  2:44 PM,10 March 2023  2:54 PM,610,3.00,1.00,1.00,,,,1.00,,,10 March 2023  3:02 PM,10 March 2023  3:11 PM,517,6.00,0.00,1.00,1.00,1.00,1.00,0.00,1.00,1.00,10 March 2023  3:13 PM,10 March 2023  3:20 PM,426,4.00,0.00,1.00,0.00,0.00,1.00,0.00,1.00,1.00,10 March 2023  3:21 PM,10 March 2023  3:26 PM,299,3.00,1.00,0.00,0.00,1.00,1.00,0.00,0.00,0.00,10 March 2023  3:26 PM,10 March 2023  3:29 PM,203,6.00,1.00,1.00,0.00,1.00,1.00,0.00,1.00,1.00,22.00
1402020136,cont,10 March 2023  2:44 PM,10 March 2023  2:49 PM,282,4.00,0.00,1.00,0.00,1.00,1.00,0.00,0.00,1.00,10 March 2023  2:54 PM,10 March 2023  2:59 PM,301,2.00,0.00,0.00,1.00,1.00,0.00,0.00,0.00,0.00,10 March 2023  3:01 PM,10 March 2023  3:08 PM,373,6.00,0.00,1.00,1.00,1.00,1.00,0.00,1.00,1.00,10 March 2023  3:08 PM,10 March 2023  3:17 PM,533,1.00,0.00,0.00,0.00,0.00,0.00,0.00,1.00,0.00,10 March 2023  3:18 PM,10 March 2023  3:22 PM,239,4.00,0.00,1.00,1.00,1.00,1.00,0.00,0.00,0.00,17.00
1402020025,cont,10 March 2023  2:45 PM,10 March 2023  2:49 PM,266,5.00,1.00,1.00,1.00,0.00,1.00,0.00,1.00,0.00,10 March 2023  2:50 PM,10 March 2023  2:54 PM,241,6.00,1.00,1.00,0.00,1.00,1.00,0.00,1.00,1.00,10 March 2023  2:55 PM,10 March 2023  2:57 PM,157,7.00,1.00,0.00,1.00,1.00,1.00,1.00,1.00,1.00,10 March 2023  2:58 PM,10 March 2023  3:02 PM,257,3.00,0.00,1.00,0.00,0.00,0.00,1.00,1.00,0.00,10 March 2023  3:02 PM,10 March 2023  3:06 PM,244,6.00,1.00,1.00,1.00,0.00,1.00,1.00,1.00,0.00,27.00
1402020073,cont,10 March 2023  2:45 PM,10 March 2023  2:54 PM,556,5.00,1.00,0.00,1.00,0.00,1.00,1.00,1.00,0.00,10 March 2023  2:55 PM,10 March 2023  3:05 PM,594,4.00,0.00,0.00,1.00,0.00,1.00,1.00,1.00,0.00,10 March 2023  3:05 PM,10 March 2023  3:14 PM,524,7.00,0.00,1.00,1.00,1.00,1.00,1.00,1.00,1.00,10 March 2023  3:14 PM,10 March 2023  3:21 PM,414,2.00,1.00,0.00,0.00,0.00,0.00,0.00,1.00,0.00,10 March 2023  3:21 PM,10 March 2023  3:29 PM,443,6.00,1.00,1.00,0.00,1.00,1.00,1.00,0.00,1.00,24.00
1402020075,cont,10 March 2023  2:45 PM,10 March 2023  2:55 PM,566,4.00,0.00,1.00,1.00,1.00,0.00,1.00,0.00,0.00,10 March 2023  3:10 PM,10 March 2023  3:17 PM,460,4.00,1.00,1.00,0.00,1.00,0.00,0.00,0.00,1.00,10 March 2023  3:18 PM,10 March 2023  3:22 PM,232,8.00,1.00,1.00,1.00,1.00,1.00,1.00,1.00,1.00,10 March 2023  3:22 PM,10 March 2023  3:23 PM,75,6.00,1.00,0.00,1.00,1.00,0.00,1.00,1.00,1.00,10 March 2023  3:24 PM,10 March 2023  3:29 PM,310,6.00,1.00,1.00,1.00,1.00,1.00,0.00,0.00,1.00,28.00
1402020097,cont,10 March 2023  2:45 PM,10 March 2023  2:55 PM,588,5.00,0.00,1.00,1.00,0.00,1.00,0.00,1.00,1.00,10 March 2023  2:57 PM,10 March 2023  3:07 PM,592,6.00,1.00,1.00,1.00,0.00,1.00,1.00,1.00,0.00,10 March 2023  3:10 PM,10 March 2023  3:18 PM,517,5.00,0.00,1.00,1.00,1.00,1.00,0.00,1.00,0.00,10 March 2023  3:20 PM,10 March 2023  3:29 PM,558,4.00,1.00,0.00,1.00,0.00,1.00,0.00,1.00,0.00,16 March 2023  6:04 PM,16 March 2023  6:11 PM,421,3.00,0.00,0.00,0.00,1.00,1.00,1.00,0.00,0.00,23.00
1402020064,cont,10 March 2023  2:46 PM,10 March 2023  2:54 PM,514,4.00,0.00,1.00,0.00,1.00,0.00,0.00,1.00,1.00,10 March 2023  2:55 PM,10 March 2023  3:05 PM,600,5.00,0.00,1.00,1.00,1.00,0.00,1.00,1.00,0.00,10 March 2023  3:07 PM,10 March 2023  3:15 PM,491,5.00,0.00,1.00,1.00,0.00,0.00,1.00,1.00,1.00,10 March 2023  3:15 PM,10 March 2023  3:24 PM,537,2.00,1.00,0.00,0.00,0.00,1.00,0.00,0.00,0.00,10 March 2023  3:25 PM,10 March 2023  3:29 PM,259,6.00,0.00,1.00,1.00,1.00,1.00,1.00,1.00,0.00,22.00
1402020076,cont,10 March 2023  2:46 PM,10 March 2023  2:54 PM,509,5.00,0.00,1.00,0.00,1.00,1.00,0.00,1.00,1.00,10 March 2023  2:56 PM,10 March 2023  3:05 PM,584,5.00,0.00,1.00,1.00,1.00,0.00,1.00,1.00,0.00,10 March 2023  3:07 PM,10 March 2023  3:15 PM,522,5.00,0.00,1.00,1.00,1.00,0.00,0.00,1.00,1.00,10 March 2023  3:16 PM,10 March 2023  3:24 PM,462,3.00,1.00,0.00,0.00,0.00,1.00,0.00,1.00,0.00,10 March 2023  3:25 PM,10 March 2023  3:29 PM,276,5.00,1.00,1.00,0.00,1.00,0.00,0.00,1.00,1.00,23.00
1402020086,cont,10 March 2023  2:46 PM,10 March 2023  2:56 PM,583,4.00,0.00,0.00,1.00,0.00,0.00,1.00,1.00,1.00,10 March 2023  2:59 PM,10 March 2023  3:09 PM,600,6.00,1.00,1.00,0.00,0.00,1.00,1.00,1.00,1.00,10 March 2023  3:10 PM,10 March 2023  3:19 PM,570,3.00,0.00,1.00,1.00,0.00,0.00,0.00,0.00,1.00,10 March 2023  3:21 PM,10 March 2023  3:27 PM,353,3.00,1.00,0.00,0.00,0.00,0.00,1.00,1.00,0.00,10 March 2023  3:27 PM,10 March 2023  3:29 PM,86,5.00,0.00,0.00,1.00,1.00,1.00,1.00,1.00,0.00,21.00
1402020128,cont,10 March 2023  2:46 PM,10 March 2023  2:55 PM,559,5.00,0.00,1.00,1.00,1.00,1.00,0.00,1.00,0.00,10 March 2023  2:56 PM,10 March 2023  3:06 PM,600,7.00,1.00,1.00,1.00,1.00,1.00,0.00,1.00,1.00,10 March 2023  3:08 PM,10 March 2023  3:16 PM,449,3.00,0.00,0.00,1.00,0.00,0.00,0.00,1.00,1.00,10 March 2023  3:16 PM,10 March 2023  3:23 PM,392,1.00,0.00,0.00,1.00,0.00,0.00,0.00,0.00,0.00,10 March 2023  3:23 PM,10 March 2023  3:28 PM,326,4.00,1.00,1.00,1.00,0.00,0.00,0.00,0.00,1.00,20.00
1402020035,cont,10 March 2023  2:47 PM,10 March 2023  2:57 PM,600,2.00,0.00,,1.00,,,1.00,0.00,,10 March 2023  3:10 PM,10 March 2023  3:17 PM,446,4.00,1.00,1.00,1.00,0.00,1.00,0.00,0.00,0.00,10 March 2023  3:17 PM,10 March 2023  3:21 PM,201,7.00,1.00,1.00,0.00,1.00,1.00,1.00,1.00,1.00,10 March 2023  3:21 PM,10 March 2023  3:23 PM,133,5.00,0.00,1.00,1.00,1.00,1.00,0.00,1.00,0.00,10 March 2023  3:23 PM,10 March 2023  3:29 PM,359,5.00,0.00,1.00,0.00,0.00,1.00,1.00,1.00,1.00,23.00
1402020137,cont,10 March 2023  2:48 PM,10 March 2023  2:58 PM,601,2.00,0.00,0.00,0.00,0.00,0.00,0.00,1.00,1.00,10 March 2023  2:58 PM,10 March 2023  3:08 PM,599,3.00,1.00,0.00,,0.00,0.00,1.00,1.00,,10 March 2023  3:11 PM,10 March 2023  3:17 PM,373,5.00,0.00,0.00,1.00,0.00,1.00,1.00,1.00,1.00,10 March 2023  3:18 PM,10 March 2023  3:23 PM,309,1.00,0.00,0.00,1.00,0.00,0.00,0.00,0.00,0.00,10 March 2023  3:24 PM,10 March 2023  3:27 PM,170,5.00,0.00,0.00,1.00,1.00,1.00,0.00,1.00,1.00,16.00
1402020058,cont,10 March 2023  2:49 PM,10 March 2023  2:52 PM,210,4.00,0.00,1.00,0.00,0.00,1.00,1.00,1.00,0.00,10 March 2023  2:52 PM,10 March 2023  2:56 PM,237,3.00,0.00,1.00,0.00,0.00,1.00,0.00,1.00,0.00,10 March 2023  3:00 PM,10 March 2023  3:05 PM,292,5.00,1.00,0.00,1.00,0.00,1.00,0.00,1.00,1.00,10 March 2023  3:09 PM,10 March 2023  3:14 PM,324,1.00,1.00,0.00,0.00,0.00,0.00,0.00,0.00,0.00,10 March 2023  3:15 PM,10 March 2023  3:22 PM,415,3.00,0.00,1.00,0.00,1.00,0.00,1.00,0.00,0.00,16.00
1402020061,cont,10 March 2023  2:49 PM,10 March 2023  2:56 PM,411,5.00,0.00,1.00,1.00,0.00,1.00,0.00,1.00,1.00,10 March 2023  2:56 PM,10 March 2023  3:03 PM,401,6.00,1.00,1.00,1.00,0.00,1.00,1.00,0.00,1.00,10 March 2023  3:04 PM,10 March 2023  3:08 PM,250,6.00,0.00,1.00,1.00,1.00,1.00,0.00,1.00,1.00,10 March 2023  3:13 PM,10 March 2023  3:19 PM,407,4.00,1.00,0.00,0.00,0.00,1.00,1.00,1.00,0.00,10 March 2023  3:20 PM,10 March 2023  3:25 PM,290,5.00,0.00,1.00,1.00,1.00,1.00,0.00,1.00,0.00,26.00
1402020039,cont,16 March 2023  5:00 PM,16 March 2023  5:06 PM,366,3.00,0.00,0.00,1.00,0.00,1.00,0.00,0.00,1.00,16 March 2023  5:07 PM,16 March 2023  5:16 PM,545,5.00,1.00,1.00,0.00,0.00,1.00,0.00,1.00,1.00,16 March 2023  5:18 PM,16 March 2023  5:28 PM,593,3.00,0.00,0.00,0.00,0.00,1.00,1.00,1.00,0.00,16 March 2023  5:29 PM,16 March 2023  5:37 PM,496,3.00,0.00,0.00,1.00,0.00,0.00,1.00,1.00,0.00,16 March 2023  6:04 PM,16 March 2023  6:14 PM,599,5.00,1.00,1.00,0.00,1.00,1.00,0.00,0.00,1.00,19.00
1402020067,cont,16 March 2023  5:03 PM,16 March 2023  5:13 PM,600,5.00,1.00,1.00,1.00,1.00,0.00,0.00,1.00,0.00,16 March 2023  5:14 PM,16 March 2023  5:23 PM,573,8.00,1.00,1.00,1.00,1.00,1.00,1.00,1.00,1.00,16 March 2023  5:24 PM,16 March 2023  5:34 PM,598,4.00,0.00,0.00,1.00,0.00,1.00,0.00,1.00,1.00,16 March 2023  5:35 PM,16 March 2023  5:42 PM,398,3.00,1.00,0.00,0.00,0.00,0.00,1.00,1.00,0.00,16 March 2023  6:00 PM,16 March 2023  6:05 PM,351,6.00,0.00,1.00,1.00,1.00,1.00,0.00,1.00,1.00,26.00
1402020033,cont,16 March 2023  5:04 PM,16 March 2023  5:08 PM,213,6.00,0.00,1.00,1.00,1.00,1.00,1.00,1.00,0.00,16 March 2023  5:08 PM,16 March 2023  5:09 PM,84,6.00,1.00,1.00,0.00,1.00,1.00,1.00,0.00,1.00,16 March 2023  5:10 PM,16 March 2023  5:10 PM,22,8.00,1.00,1.00,1.00,1.00,1.00,1.00,1.00,1.00,16 March 2023  5:10 PM,16 March 2023  5:11 PM,27,1.00,0.00,0.00,0.00,1.00,0.00,0.00,0.00,0.00,16 March 2023  6:10 PM,16 March 2023  6:10 PM,3,8.00,1.00,1.00,1.00,1.00,1.00,1.00,1.00,1.00,29.00
1402020013,cont,16 March 2023  5:16 PM,16 March 2023  5:25 PM,505,6.00,0.00,1.00,1.00,1.00,1.00,0.00,1.00,1.00,16 March 2023  5:26 PM,16 March 2023  5:33 PM,448,6.00,1.00,1.00,0.00,1.00,0.00,1.00,1.00,1.00,16 March 2023  5:34 PM,16 March 2023  5:43 PM,497,3.00,1.00,0.00,1.00,0.00,0.00,0.00,0.00,1.00,16 March 2023  5:43 PM,16 March 2023  5:50 PM,429,0.00,0.00,0.00,0.00,0.00,0.00,0.00,0.00,0.00,16 March 2023  6:01 PM,16 March 2023  6:11 PM,600,4.00,1.00,1.00,0.00,0.00,1.00,0.00,0.00,1.00,19.00
1402020006,cont,16 March 2023  5:28 PM,16 March 2023  5:36 PM,440,6.00,0.00,1.00,1.00,1.00,1.00,0.00,1.00,1.00,16 March 2023  5:36 PM,16 March 2023  5:39 PM,208,7.00,1.00,1.00,1.00,1.00,1.00,1.00,0.00,1.00,16 March 2023  5:40 PM,16 March 2023  5:43 PM,131,4.00,1.00,0.00,1.00,0.00,1.00,0.00,0.00,1.00,16 March 2023  5:44 PM,16 March 2023  5:50 PM,356,0.00,0.00,0.00,0.00,0.00,0.00,0.00,0.00,0.00,16 March 2023  6:08 PM,16 March 2023  6:11 PM,133,3.00,0.00,1.00,0.00,0.00,1.00,0.00,0.00,1.00,20.00
1402020016,exp,10 March 2023  2:43 PM,10 March 2023  2:53 PM,601,3.00,0.00,1.00,1.00,0.00,0.00,0.00,1.00,0.00,10 March 2023  2:54 PM,10 March 2023  3:04 PM,600,6.00,1.00,1.00,1.00,0.00,1.00,0.00,1.00,1.00,10 March 2023  3:05 PM,10 March 2023  3:14 PM,560,4.00,0.00,0.00,1.00,1.00,0.00,0.00,1.00,1.00,10 March 2023  3:14 PM,10 March 2023  3:24 PM,559,2.00,1.00,0.00,1.00,0.00,0.00,0.00,0.00,0.00,10 March 2023  3:24 PM,10 March 2023  3:29 PM,309,5.00,0.00,0.00,0.00,1.00,1.00,1.00,1.00,1.00,20.00
1402020121,exp,10 March 2023  2:43 PM,10 March 2023  2:52 PM,592,3.00,0.00,0.00,0.00,0.00,1.00,0.00,1.00,1.00,10 March 2023  2:55 PM,10 March 2023  3:00 PM,289,4.00,0.00,1.00,0.00,0.00,1.00,1.00,0.00,1.00,10 March 2023  3:01 PM,10 March 2023  3:07 PM,321,5.00,0.00,1.00,1.00,1.00,0.00,0.00,1.00,1.00,10 March 2023  3:07 PM,10 March 2023  3:12 PM,275,3.00,1.00,0.00,0.00,0.00,0.00,1.00,1.00,0.00,10 March 2023  3:12 PM,10 March 2023  3:17 PM,276,5.00,0.00,1.00,1.00,1.00,0.00,0.00,1.00,1.00,20.00
1402020132,exp,10 March 2023  2:43 PM,10 March 2023  2:53 PM,601,5.00,0.00,1.00,1.00,0.00,1.00,1.00,1.00,0.00,10 March 2023  2:58 PM,10 March 2023  3:08 PM,570,6.00,0.00,1.00,1.00,1.00,1.00,1.00,0.00,1.00,10 March 2023  3:11 PM,10 March 2023  3:19 PM,487,5.00,0.00,1.00,1.00,1.00,0.00,1.00,0.00,1.00,10 March 2023  3:19 PM,10 March 2023  3:24 PM,325,2.00,1.00,0.00,1.00,0.00,0.00,0.00,0.00,0.00,10 March 2023  3:21 PM,10 March 2023  3:27 PM,336,7.00,1.00,1.00,0.00,1.00,1.00,1.00,1.00,1.00,25.00
1402021082,exp,10 March 2023  2:43 PM,10 March 2023  2:54 PM,601,5.00,0.00,1.00,0.00,1.00,1.00,0.00,1.00,1.00,10 March 2023  2:56 PM,10 March 2023  3:01 PM,330,6.00,0.00,1.00,1.00,1.00,1.00,1.00,0.00,1.00,10 March 2023  3:02 PM,10 March 2023  3:06 PM,264,6.00,1.00,1.00,1.00,0.00,1.00,0.00,1.00,1.00,10 March 2023  3:07 PM,10 March 2023  3:13 PM,345,0.00,0.00,0.00,0.00,0.00,0.00,0.00,0.00,0.00,10 March 2023  3:14 PM,10 March 2023  3:19 PM,328,6.00,1.00,1.00,0.00,1.00,1.00,1.00,0.00,1.00,23.00
1402020020,exp,10 March 2023  2:44 PM,10 March 2023  2:53 PM,517,3.00,0.00,0.00,1.00,0.00,0.00,1.00,1.00,0.00,10 March 2023  2:54 PM,10 March 2023  3:03 PM,519,4.00,1.00,0.00,0.00,0.00,1.00,1.00,1.00,0.00,10 March 2023  3:04 PM,10 March 2023  3:09 PM,335,5.00,1.00,0.00,1.00,1.00,0.00,0.00,1.00,1.00,10 March 2023  3:12 PM,10 March 2023  3:19 PM,456,2.00,1.00,0.00,0.00,0.00,0.00,0.00,1.00,0.00,10 March 2023  3:20 PM,10 March 2023  3:27 PM,442,6.00,1.00,1.00,0.00,1.00,1.00,1.00,0.00,1.00,20.00
1402020047,exp,10 March 2023  2:44 PM,10 March 2023  2:54 PM,591,2.00,0.00,0.00,1.00,0.00,0.00,0.00,0.00,1.00,10 March 2023  3:00 PM,10 March 2023  3:06 PM,345,4.00,0.00,1.00,1.00,0.00,1.00,0.00,1.00,0.00,10 March 2023  3:07 PM,10 March 2023  3:14 PM,423,6.00,0.00,1.00,1.00,1.00,1.00,1.00,0.00,1.00,10 March 2023  3:17 PM,10 March 2023  3:23 PM,390,2.00,1.00,0.00,0.00,0.00,0.00,0.00,1.00,0.00,10 March 2023  3:24 PM,10 March 2023  3:29 PM,320,6.00,1.00,1.00,0.00,1.00,1.00,1.00,0.00,1.00,20.00
1402020059,exp,10 March 2023  2:44 PM,10 March 2023  2:53 PM,533,3.00,0.00,1.00,1.00,0.00,0.00,0.00,0.00,1.00,10 March 2023  2:54 PM,10 March 2023  3:04 PM,587,6.00,1.00,1.00,1.00,0.00,1.00,0.00,1.00,1.00,10 March 2023  3:05 PM,10 March 2023  3:14 PM,561,4.00,0.00,0.00,1.00,1.00,0.00,0.00,1.00,1.00,10 March 2023  3:15 PM,10 March 2023  3:24 PM,558,2.00,1.00,0.00,0.00,0.00,0.00,0.00,0.00,1.00,10 March 2023  3:24 PM,10 March 2023  3:30 PM,308,5.00,0.00,1.00,0.00,1.00,1.00,1.00,0.00,1.00,20.00
1402020107,exp,10 March 2023  2:44 PM,10 March 2023  2:54 PM,601,5.00,0.00,1.00,1.00,0.00,1.00,0.00,1.00,1.00,10 March 2023  2:57 PM,10 March 2023  3:07 PM,600,6.00,1.00,1.00,1.00,0.00,1.00,1.00,1.00,0.00,10 March 2023  3:10 PM,10 March 2023  3:18 PM,525,5.00,0.00,1.00,1.00,1.00,1.00,0.00,1.00,0.00,10 March 2023  3:20 PM,10 March 2023  3:29 PM,554,3.00,1.00,0.00,1.00,0.00,1.00,0.00,0.00,0.00,10 March 2023  3:29 PM,10 March 2023  3:29 PM,21,3.00,1.00,,1.00,0.00,0.00,,0.00,1.00,22.00
1402021079,exp,10 March 2023  2:44 PM,10 March 2023  2:54 PM,599,6.00,1.00,1.00,0.00,0.00,1.00,1.00,1.00,1.00,10 March 2023  2:56 PM,10 March 2023  3:01 PM,315,4.00,1.00,1.00,0.00,0.00,1.00,1.00,0.00,0.00,10 March 2023  3:01 PM,10 March 2023  3:05 PM,220,6.00,0.00,1.00,1.00,1.00,0.00,1.00,1.00,1.00,10 March 2023  3:06 PM,10 March 2023  3:11 PM,288,2.00,1.00,0.00,0.00,0.00,0.00,0.00,1.00,0.00,10 March 2023  3:12 PM,10 March 2023  3:18 PM,370,4.00,0.00,1.00,0.00,1.00,0.00,0.00,1.00,1.00,22.00
1402020001,exp,10 March 2023  2:45 PM,10 March 2023  2:55 PM,559,4.00,0.00,1.00,1.00,0.00,1.00,0.00,1.00,0.00,10 March 2023  3:00 PM,10 March 2023  3:10 PM,560,4.00,0.00,1.00,0.00,1.00,0.00,0.00,1.00,1.00,10 March 2023  3:12 PM,10 March 2023  3:17 PM,314,3.00,0.00,0.00,1.00,0.00,0.00,0.00,1.00,1.00,10 March 2023  3:17 PM,10 March 2023  3:22 PM,291,3.00,1.00,0.00,1.00,0.00,1.00,0.00,0.00,0.00,10 March 2023  3:23 PM,10 March 2023  3:30 PM,423,6.00,1.00,1.00,1.00,1.00,1.00,0.00,0.00,1.00,20.00
1402020065,exp,10 March 2023  2:45 PM,10 March 2023  2:54 PM,546,5.00,1.00,0.00,1.00,0.00,1.00,1.00,1.00,0.00,10 March 2023  2:55 PM,10 March 2023  3:04 PM,559,4.00,0.00,1.00,1.00,0.00,1.00,1.00,0.00,0.00,10 March 2023  3:05 PM,10 March 2023  3:13 PM,472,7.00,0.00,1.00,1.00,1.00,1.00,1.00,1.00,1.00,10 March 2023  3:14 PM,10 March 2023  3:21 PM,434,2.00,1.00,0.00,0.00,0.00,0.00,0.00,1.00,0.00,10 March 2023  3:21 PM,10 March 2023  3:28 PM,431,6.00,1.00,1.00,0.00,1.00,1.00,1.00,0.00,1.00,24.00
1402020081,exp,10 March 2023  2:45 PM,10 March 2023  2:55 PM,600,5.00,0.00,0.00,1.00,0.00,1.00,1.00,1.00,1.00,10 March 2023  2:58 PM,10 March 2023  3:08 PM,601,6.00,1.00,1.00,1.00,0.00,1.00,1.00,0.00,1.00,10 March 2023  3:10 PM,10 March 2023  3:19 PM,568,5.00,0.00,1.00,1.00,1.00,1.00,0.00,1.00,0.00,10 March 2023  3:20 PM,10 March 2023  3:29 PM,563,5.00,1.00,0.00,1.00,0.00,1.00,1.00,1.00,0.00,,,0,,,,,,,,,,21.00
1402020087,exp,10 March 2023  2:45 PM,10 March 2023  2:54 PM,565,3.00,1.00,1.00,0.00,0.00,1.00,0.00,0.00,0.00,10 March 2023  2:55 PM,10 March 2023  3:02 PM,404,4.00,1.00,0.00,1.00,0.00,0.00,1.00,1.00,0.00,10 March 2023  3:02 PM,10 March 2023  3:09 PM,408,4.00,0.00,0.00,1.00,0.00,1.00,0.00,1.00,1.00,10 March 2023  3:10 PM,10 March 2023  3:17 PM,459,1.00,0.00,0.00,0.00,0.00,1.00,0.00,0.00,0.00,10 March 2023  3:18 PM,10 March 2023  3:25 PM,394,5.00,1.00,1.00,0.00,1.00,0.00,0.00,1.00,1.00,17.00
1402020079,exp,10 March 2023  2:46 PM,10 March 2023  2:54 PM,493,5.00,0.00,1.00,1.00,0.00,1.00,0.00,1.00,1.00,10 March 2023  2:55 PM,10 March 2023  3:00 PM,316,5.00,0.00,1.00,0.00,1.00,1.00,1.00,1.00,0.00,10 March 2023  3:01 PM,10 March 2023  3:09 PM,434,5.00,1.00,1.00,1.00,1.00,0.00,0.00,0.00,1.00,10 March 2023  3:10 PM,10 March 2023  3:18 PM,479,2.00,1.00,0.00,0.00,0.00,0.00,0.00,1.00,0.00,10 March 2023  3:19 PM,10 March 2023  3:26 PM,470,6.00,1.00,1.00,0.00,1.00,0.00,1.00,1.00,1.00,23.00
1402020018,exp,10 March 2023  2:47 PM,10 March 2023  2:57 PM,593,7.00,1.00,1.00,1.00,1.00,1.00,1.00,0.00,1.00,10 March 2023  3:00 PM,10 March 2023  3:10 PM,601,6.00,0.00,1.00,1.00,1.00,1.00,1.00,0.00,1.00,10 March 2023  3:12 PM,10 March 2023  3:18 PM,317,6.00,0.00,1.00,1.00,1.00,1.00,0.00,1.00,1.00,10 March 2023  3:18 PM,10 March 2023  3:23 PM,308,1.00,0.00,0.00,0.00,0.00,0.00,0.00,1.00,0.00,10 March 2023  3:24 PM,10 March 2023  3:29 PM,311,6.00,1.00,1.00,1.00,0.00,0.00,1.00,1.00,1.00,26.00
1402020019,exp,10 March 2023  2:47 PM,10 March 2023  2:56 PM,547,4.00,0.00,1.00,1.00,1.00,0.00,0.00,1.00,0.00,10 March 2023  2:57 PM,10 March 2023  3:04 PM,463,5.00,0.00,1.00,0.00,1.00,1.00,1.00,0.00,1.00,10 March 2023  3:08 PM,10 March 2023  3:16 PM,485,3.00,0.00,0.00,1.00,0.00,0.00,0.00,1.00,1.00,10 March 2023  3:17 PM,10 March 2023  3:25 PM,469,2.00,0.00,0.00,0.00,0.00,0.00,1.00,1.00,0.00,10 March 2023  3:25 PM,10 March 2023  3:29 PM,251,7.00,1.00,1.00,0.00,1.00,1.00,1.00,1.00,1.00,21.00
1402020111,exp,10 March 2023  2:48 PM,10 March 2023  2:56 PM,479,6.00,1.00,1.00,1.00,0.00,1.00,0.00,1.00,1.00,10 March 2023  3:04 PM,10 March 2023  3:08 PM,225,6.00,0.00,1.00,1.00,1.00,1.00,1.00,0.00,1.00,10 March 2023  3:13 PM,10 March 2023  3:19 PM,335,6.00,0.00,1.00,1.00,1.00,0.00,1.00,1.00,1.00,10 March 2023  3:19 PM,10 March 2023  3:24 PM,303,2.00,1.00,0.00,1.00,0.00,0.00,0.00,0.00,0.00,10 March 2023  3:25 PM,10 March 2023  3:29 PM,250,7.00,1.00,1.00,0.00,1.00,1.00,1.00,1.00,1.00,27.00
1402020072,exp,10 March 2023  2:53 PM,10 March 2023  3:02 PM,583,8.00,1.00,1.00,1.00,1.00,1.00,1.00,1.00,1.00,10 March 2023  3:06 PM,10 March 2023  3:14 PM,476,7.00,1.00,0.00,1.00,1.00,1.00,1.00,1.00,1.00,10 March 2023  3:14 PM,10 March 2023  3:17 PM,196,5.00,0.00,1.00,0.00,0.00,1.00,1.00,1.00,1.00,10 March 2023  3:18 PM,10 March 2023  3:21 PM,171,3.00,0.00,1.00,0.00,1.00,0.00,0.00,1.00,0.00,10 March 2023  3:21 PM,10 March 2023  3:29 PM,451,6.00,1.00,0.00,0.00,1.00,1.00,1.00,1.00,1.00,29.00
1402020008,exp,10 March 2023  2:58 PM,10 March 2023  3:04 PM,333,7.00,1.00,0.00,1.00,1.00,1.00,1.00,1.00,1.00,10 March 2023  3:05 PM,10 March 2023  3:08 PM,160,8.00,1.00,1.00,1.00,1.00,1.00,1.00,1.00,1.00,10 March 2023  3:09 PM,10 March 2023  3:12 PM,221,8.00,1.00,1.00,1.00,1.00,1.00,1.00,1.00,1.00,10 March 2023  3:14 PM,10 March 2023  3:17 PM,220,1.00,0.00,0.00,0.00,0.00,0.00,0.00,1.00,0.00,10 March 2023  3:20 PM,10 March 2023  3:23 PM,206,8.00,1.00,1.00,1.00,1.00,1.00,1.00,1.00,1.00,32.00
1402020102,exp,10 March 2023  2:58 PM,10 March 2023  3:08 PM,601,3.00,0.00,1.00,0.00,0.00,1.00,0.00,1.00,0.00,10 March 2023  3:09 PM,10 March 2023  3:15 PM,335,7.00,0.00,1.00,1.00,1.00,1.00,1.00,1.00,1.00,10 March 2023  3:15 PM,10 March 2023  3:18 PM,150,7.00,1.00,1.00,1.00,1.00,0.00,1.00,1.00,1.00,10 March 2023  3:18 PM,10 March 2023  3:24 PM,327,1.00,0.00,0.00,0.00,0.00,0.00,0.00,1.00,0.00,10 March 2023  3:24 PM,10 March 2023  3:29 PM,268,5.00,0.00,1.00,0.00,1.00,1.00,1.00,0.00,1.00,23.00
1402020112,exp,16 March 2023  5:00 PM,16 March 2023  5:08 PM,517,3.00,0.00,1.00,0.00,0.00,1.00,0.00,1.00,0.00,16 March 2023  5:09 PM,16 March 2023  5:13 PM,249,5.00,0.00,1.00,1.00,0.00,1.00,1.00,0.00,1.00,16 March 2023  5:15 PM,16 March 2023  5:24 PM,529,1.00,0.00,0.00,0.00,1.00,0.00,0.00,0.00,0.00,16 March 2023  5:25 PM,16 March 2023  5:32 PM,383,1.00,0.00,0.00,0.00,0.00,1.00,0.00,0.00,0.00,16 March 2023  6:03 PM,16 March 2023  6:08 PM,300,2.00,0.00,1.00,0.00,0.00,0.00,0.00,0.00,1.00,12.00
1402020114,exp,16 March 2023  5:42 PM,16 March 2023  5:45 PM,146,4.00,0.00,1.00,1.00,1.00,0.00,0.00,1.00,0.00,16 March 2023  5:45 PM,16 March 2023  5:47 PM,102,5.00,0.00,1.00,0.00,1.00,1.00,0.00,1.00,1.00,16 March 2023  5:47 PM,16 March 2023  5:49 PM,116,6.00,0.00,1.00,1.00,1.00,1.00,0.00,1.00,1.00,16 March 2023  5:49 PM,16 March 2023  5:51 PM,109,2.00,1.00,0.00,0.00,0.00,1.00,0.00,0.00,0.00,16 March 2023  6:00 PM,16 March 2023  6:05 PM,296,3.00,0.00,1.00,0.00,1.00,0.00,0.00,1.00,0.00,20.00
