uid,group,start_aa,end_aa,duration_aa,total_aa,aa1,aa2,aa3,aa4,aa5,aa6,aa7,aa8,start_as,end_as,duration_as,total_as,as1,as2,as3,as4,as5,as6,as7,as8,start_dd,end_dd,duration_dd,total_dd,dd1,dd2,dd3,dd4,dd5,dd6,dd7,dd8,start_in,end_in,duration_in,total_in,in1,in2,in3,in4,in5,in6,in7,in8,start_ii,end_ii,duration_ii,total_ii,ii1,ii2,ii3,ii4,ii5,ii6,ii7,ii8,sum_post
1402020007,cont,3/17/2023 14:36,3/17/2023 14:42,353,6,0,1,1,0,1,1,1,1,3/17/2023 14:43,3/17/2023 14:47,278,6,1,1,0,0,1,1,1,1,3/17/2023 14:48,3/17/2023 14:53,303,7,1,1,1,1,1,0,1,1,3/17/2023 14:53,3/17/2023 14:58,305,0,0,0,0,0,0,0,0,0,3/17/2023 14:59,3/17/2023 15:05,385,3,1,1,0,1,0,0,0,0,22
1402020019,exp,3/17/2023 14:35,3/17/2023 14:44,541,2,0,0,1,0,0,0,1,0,3/17/2023 14:46,3/17/2023 14:53,431,8,1,1,1,1,1,1,1,1,3/17/2023 14:54,3/17/2023 15:01,417,6,1,0,1,1,1,0,1,1,3/17/2023 15:02,3/17/2023 15:08,382,3,1,0,1,0,0,0,1,0,3/17/2023 15:08,3/17/2023 15:13,311,5,0,1,1,0,1,0,1,1,24
1402020020,exp,3/17/2023 14:44,3/17/2023 14:49,315,3,0,1,1,0,0,0,0,1,3/17/2023 14:49,3/17/2023 14:53,214,6,1,1,1,0,1,0,1,1,3/17/2023 14:53,3/17/2023 14:56,174,3,0,0,0,0,0,1,1,1,3/17/2023 15:03,3/17/2023 15:09,344,3,1,0,1,0,0,0,0,1,3/17/2023 15:10,3/17/2023 15:17,385,4,1,1,0,1,0,0,0,1,19
1402020025,cont,3/17/2023 14:38,cont,425,5,0,1,1,1,1,0,1,0,3/17/2023 14:46,3/17/2023 14:51,332,7,1,0,1,1,1,1,1,1,3/17/2023 14:52,3/17/2023 14:56,265,7,1,1,1,1,1,0,1,1,3/17/2023 14:57,3/17/2023 15:03,358,3,1,0,0,0,0,1,1,0,3/17/2023 15:03,3/17/2023 15:12,556,6,1,1,0,1,1,1,0,1,28
1402020035,cont,3/17/2023 14:37,exp,580,3,0,0,1,0,1,0,1,0,3/17/2023 14:47,3/17/2023 14:53,339,6,1,1,0,1,1,1,0,1,3/17/2023 14:53,3/17/2023 15:01,452,4,0,0,0,1,1,0,1,1,3/17/2023 15:01,3/17/2023 15:08,422,2,1,0,0,0,1,0,0,0,3/17/2023 15:08,3/17/2023 15:18,597,5,1,1,0,0,1,1,0,1,20
1402020038,exp,3/17/2023 14:44,exp,444,5,1,1,0,1,0,0,1,1,3/17/2023 14:52,3/17/2023 14:56,237,6,1,1,1,0,1,0,1,1,3/17/2023 14:57,3/17/2023 15:00,179,4,0,0,1,1,0,0,1,1,3/17/2023 15:05,3/17/2023 15:09,258,3,1,0,1,0,0,0,0,1,3/17/2023 15:14,3/17/2023 15:17,225,4,1,1,0,1,0,0,0,1,22
1402020047,exp,3/17/2023 14:40,cont,490,5,0,0,1,0,1,1,1,1,3/17/2023 14:52,3/17/2023 14:56,294,6,1,1,1,0,1,0,1,1,3/17/2023 14:58,3/17/2023 15:03,252,4,0,0,1,1,0,0,1,1,3/17/2023 15:11,3/17/2023 15:18,455,3,1,0,1,0,0,0,0,1,3/17/2023 15:19,3/17/2023 15:22,194,4,1,1,0,1,0,0,0,1,22
1402020053,cont,3/17/2023 14:36,cont,459,3,0,1,1,0,1,0,0,0,3/17/2023 14:44,3/17/2023 14:51,419,5,0,1,1,1,1,1,0,0,3/17/2023 14:55,3/17/2023 15:01,411,4,1,0,1,1,0,0,1,0,3/17/2023 15:03,3/17/2023 15:13,600,0,0,0,-,0,0,-,-,0,3/17/2023 15:14,3/17/2023 15:22,502,3,0,1,0,1,0,0,0,1,15
1402020064,cont,3/17/2023 14:38,exp,342,5,0,1,1,1,1,0,0,1,3/17/2023 14:44,3/17/2023 14:49,320,6,1,1,1,1,0,1,0,1,3/17/2023 14:56,3/17/2023 15:01,289,4,0,1,0,1,0,0,1,1,3/17/2023 14:49,3/17/2023 14:56,378,2,0,0,0,0,1,0,1,0,3/17/2023 15:02,3/17/2023 15:07,348,5,0,1,0,1,0,1,1,1,22
1402020065,exp,3/17/2023 14:39,exp,595,5,0,1,1,0,0,1,1,1,3/17/2023 14:50,3/17/2023 14:58,446,6,1,1,1,0,1,0,1,1,3/17/2023 14:58,3/17/2023 15:05,417,3,0,0,1,1,0,0,0,1,3/17/2023 15:05,3/17/2023 15:12,435,3,1,0,1,0,0,0,0,1,3/17/2023 15:13,3/17/2023 15:22,508,4,1,1,0,1,0,0,0,1,21
1402020067,cont,3/17/2023 14:37,cont,511,5,0,1,1,0,0,1,1,1,3/17/2023 14:47,3/17/2023 14:56,513,8,1,1,1,1,1,1,1,1,3/17/2023 14:56,3/17/2023 15:06,575,4,1,0,1,0,0,0,1,1,3/17/2023 15:07,3/17/2023 15:13,311,1,1,0,0,0,0,0,0,0,3/17/2023 15:13,3/17/2023 15:19,372,7,1,1,0,1,1,1,1,1,25
1402020073,cont,3/17/2023 14:37,cont,465,6,1,1,1,0,0,1,1,1,3/17/2023 14:45,3/17/2023 14:55,581,7,1,1,1,1,1,1,0,1,3/17/2023 14:56,3/17/2023 15:06,572,4,1,0,1,0,0,0,1,1,3/17/2023 15:06,3/17/2023 15:13,386,2,1,0,0,0,0,1,0,0,3/17/2023 15:14,3/17/2023 15:19,335,6,1,1,0,1,1,0,1,1,25
1402020075,cont,3/17/2023 14:37,exp,500,5,1,1,0,0,1,1,1,0,3/17/2023 14:45,3/17/2023 14:53,471,6,1,1,0,1,1,1,1,0,3/17/2023 14:54,3/17/2023 15:02,506,5,1,1,1,1,0,0,0,1,3/17/2023 15:03,3/17/2023 15:12,546,2,1,0,0,0,0,0,1,0,3/17/2023 15:12,3/17/2023 15:17,296,3,1,1,0,0,0,1,0,0,21
1402020076,cont,3/17/2023 14:36,cont,265,5,0,1,1,0,1,1,0,1,3/17/2023 14:41,3/17/2023 14:47,356,4,0,0,1,1,0,1,1,0,3/17/2023 14:47,3/17/2023 14:50,216,6,0,1,1,1,1,0,1,1,3/17/2023 14:51,3/17/2023 15:00,515,3,1,0,0,0,1,0,1,0,3/17/2023 15:00,3/17/2023 15:04,227,4,0,0,0,1,1,0,1,1,22
1402020081,exp,3/17/2023 14:37,cont,448,2,0,1,1,0,0,0,0,0,3/17/2023 14:44,3/17/2023 14:49,269,6,0,1,1,0,1,1,1,1,3/17/2023 14:50,3/17/2023 14:55,296,4,0,1,1,1,0,0,1,0,3/17/2023 14:55,3/17/2023 15:01,339,3,1,0,0,0,0,1,1,0,3/17/2023 15:01,3/17/2023 15:10,554,4,1,1,0,1,0,1,0,0,19
1402020086,cont,3/17/2023 14:37,cont,402,7,0,1,1,1,1,1,1,1,3/17/2023 14:45,3/17/2023 14:52,460,5,0,1,0,0,1,1,1,1,3/17/2023 14:52,3/17/2023 14:57,285,5,0,0,1,1,1,0,1,1,3/17/2023 14:58,3/17/2023 15:05,410,2,1,0,0,0,0,0,1,0,3/17/2023 15:06,3/17/2023 15:15,524,7,1,1,0,1,1,1,1,1,26
1402020087,exp,3/17/2023 14:39,cont,314,3,0,1,0,0,1,0,0,1,,,0,,,,,,,,,,,,0,,,,,,,,,,,,0,,,,,,,,,,,,0,,,,,,,,,,3
1402020096,exp,3/17/2023 14:35,exp,383,5,0,1,1,0,1,1,0,1,3/17/2023 14:42,3/17/2023 14:47,313,5,1,1,0,1,1,0,1,0,3/17/2023 14:49,3/17/2023 14:54,323,6,0,1,1,1,1,0,1,1,3/17/2023 14:55,3/17/2023 15:00,295,3,1,0,0,0,1,0,1,0,3/17/2023 15:00,3/17/2023 15:02,135,4,0,1,1,1,0,0,1,0,23
1402020097,cont,3/17/2023 14:36,cont,404,5,0,1,1,1,0,0,1,1,3/17/2023 14:43,3/17/2023 14:51,503,6,0,1,0,1,1,1,1,1,3/17/2023 14:52,3/17/2023 14:57,300,6,0,1,1,1,1,0,1,1,3/17/2023 14:58,3/17/2023 15:04,380,3,1,0,0,0,1,0,1,0,,,0,,,,,,,,,,20
1402020102,exp,3/17/2023 14:38,exp,371,3,0,1,1,0,0,0,0,1,3/17/2023 14:46,3/17/2023 14:53,404,6,1,1,1,0,1,0,1,1,3/17/2023 14:54,3/17/2023 14:59,349,4,0,0,1,1,0,0,1,1,3/17/2023 15:03,3/17/2023 15:11,467,3,1,0,1,0,0,0,0,1,3/17/2023 15:11,3/17/2023 15:15,202,4,1,1,0,1,0,0,0,1,20
1402020107,exp,3/17/2023 14:35,exp,472,6,0,1,1,1,0,1,1,1,3/17/2023 14:43,3/17/2023 14:51,504,6,0,1,1,1,1,1,0,1,3/17/2023 14:52,3/17/2023 14:57,324,6,0,1,1,1,0,1,1,1,3/17/2023 14:58,3/17/2023 15:04,393,3,1,0,0,0,1,0,1,0,3/17/2023 15:05,3/17/2023 15:10,328,5,0,1,1,1,0,1,1,0,26
1402020111,exp,3/17/2023 14:43,cont,211,3,0,1,1,0,0,0,0,1,3/17/2023 14:48,3/17/2023 14:51,200,6,1,1,1,0,1,0,1,1,3/17/2023 14:53,3/17/2023 14:55,130,5,1,0,1,1,0,0,1,1,3/17/2023 14:57,3/17/2023 15:00,179,3,1,0,1,0,0,0,0,1,3/17/2023 15:03,3/17/2023 15:05,128,4,1,1,0,1,0,0,0,1,21
1402020112,exp,3/17/2023 14:36,exp,338,4,1,0,1,0,1,0,1,0,3/17/2023 14:43,3/17/2023 14:48,306,6,0,1,1,0,1,1,1,1,3/17/2023 14:51,3/17/2023 14:58,445,3,0,0,0,1,1,0,0,1,3/17/2023 14:59,3/17/2023 15:02,184,1,0,0,0,0,1,0,0,0,3/17/2023 15:02,3/17/2023 15:04,135,3,1,1,0,1,0,0,0,0,17
1402020114,exp,3/17/2023 14:36,exp,267,5,0,1,1,1,1,0,1,0,3/17/2023 14:43,3/17/2023 14:48,328,6,0,1,1,1,0,1,1,1,3/17/2023 14:49,3/17/2023 14:54,305,5,0,1,1,1,0,0,1,1,3/17/2023 14:55,3/17/2023 15:00,301,2,1,0,0,0,0,1,0,0,,,0,,,,,,,,,,18
1402020124,cont,3/17/2023 14:38,exp,397,4,0,1,1,0,0,0,1,1,3/17/2023 14:45,3/17/2023 14:55,583,5,0,1,1,1,1,1,0,0,3/17/2023 14:56,3/17/2023 15:06,591,7,1,1,1,1,1,0,1,1,3/17/2023 15:06,3/17/2023 15:13,387,3,1,0,0,0,0,1,1,0,3/17/2023 15:13,3/17/2023 15:19,358,6,1,1,0,1,1,0,1,1,25
1402020136,cont,3/17/2023 14:38,exp,176,3,0,1,1,0,0,0,1,0,3/17/2023 14:44,3/17/2023 14:44,38,3,0,0,0,0,1,1,0,1,3/17/2023 14:45,3/17/2023 14:46,40,4,0,1,1,0,0,1,1,0,3/17/2023 14:47,3/17/2023 14:48,86,1,0,1,0,0,0,0,0,0,3/17/2023 14:49,3/17/2023 14:52,156,5,1,1,1,1,0,0,1,0,16
1402020008,exp,3/17/2023 14:40,exp,365,3,0,1,1,0,0,0,0,1,3/17/2023 14:47,3/17/2023 14:52,333,6,1,1,1,0,1,0,1,1,3/17/2023 14:53,3/17/2023 14:58,269,4,0,0,1,1,0,0,1,1,3/17/2023 14:59,3/17/2023 15:05,360,3,1,0,1,0,0,0,0,1,3/17/2023 15:06,3/17/2023 15:11,253,4,1,1,0,1,0,0,0,1,20
1402020016,exp,3/17/2023 14:38,cont,526,3,0,0,1,0,1,0,0,1,3/17/2023 14:41,3/17/2023 14:47,371,6,1,1,1,0,1,0,1,1,3/17/2023 14:48,3/17/2023 14:54,382,4,1,0,1,0,0,0,1,1,3/17/2023 14:51,3/17/2023 15:02,628,3,1,0,1,0,0,0,0,1,3/17/2023 14:55,3/17/2023 15:03,480,4,1,1,0,1,0,0,0,1,20
1402020018,exp,3/17/2023 14:40,cont,570,4,1,1,1,0,0,0,0,1,3/17/2023 14:53,3/17/2023 14:58,346,6,1,1,1,0,1,0,1,1,3/17/2023 14:59,3/17/2023 15:05,310,4,0,0,1,1,0,0,1,1,3/17/2023 15:06,3/17/2023 15:13,405,3,1,0,1,0,0,0,0,1,3/17/2023 15:14,3/17/2023 15:18,252,5,1,1,0,1,0,0,1,1,22
1402020033,cont,3/17/2023 14:39,exp,263,2,0,1,1,0,0,0,0,0,3/17/2023 14:44,3/17/2023 14:47,212,6,0,1,1,1,1,1,1,0,,,0,,,,,,,,,,3/17/2023 14:47,3/17/2023 14:54,375,4,1,0,0,1,1,0,1,0,3/17/2023 14:54,3/17/2023 14:59,320,4,0,1,0,0,1,0,1,1,16
1402020039,cont,3/17/2023 14:36,exp,400,5,1,1,1,0,1,0,0,1,3/17/2023 14:43,3/17/2023 14:51,466,4,0,1,1,0,1,0,1,0,3/17/2023 14:52,3/17/2023 15:00,453,3,0,0,1,0,0,1,1,0,3/17/2023 15:01,3/17/2023 15:11,599,2,0,0,0,0,0,1,1,0,3/17/2023 15:11,3/17/2023 15:18,408,7,1,1,1,1,1,1,1,0,21
1402020058,cont,3/17/2023 14:38,exp,513,4,0,1,1,0,1,0,1,0,3/17/2023 14:47,3/17/2023 14:53,335,5,0,1,1,1,1,0,1,0,3/17/2023 14:53,3/17/2023 14:58,299,5,0,1,1,0,1,0,1,1,3/17/2023 14:59,3/17/2023 15:06,456,3,1,0,0,0,1,1,0,0,3/17/2023 15:07,3/17/2023 15:13,353,6,1,1,0,1,1,1,0,1,23
1402020059,exp,3/17/2023 14:38,cont,265,3,0,1,1,0,0,0,0,1,3/17/2023 14:43,3/17/2023 14:47,227,6,1,1,1,0,1,1,0,1,3/17/2023 14:50,3/17/2023 14:52,140,4,0,0,1,1,0,0,1,1,3/17/2023 14:52,3/17/2023 14:57,269,3,1,0,1,0,0,1,0,0,3/17/2023 14:57,3/17/2023 15:05,451,6,1,1,0,1,1,1,0,1,22
1402020061,cont,3/17/2023 14:38,cont,558,4,0,1,1,0,1,0,1,0,3/17/2023 14:47,3/17/2023 14:53,332,6,0,1,1,1,1,0,1,1,3/17/2023 14:53,3/17/2023 14:58,326,5,0,1,1,0,1,0,1,1,3/17/2023 14:59,3/17/2023 15:09,599,3,1,0,0,0,0,1,1,0,3/17/2023 15:09,3/17/2023 15:19,600,6,1,1,0,1,1,1,0,1,24
1402020072,exp,3/17/2023 14:38,cont,341,4,0,1,1,0,1,0,0,1,3/17/2023 14:46,3/17/2023 14:52,328,6,1,1,1,0,1,0,1,1,3/17/2023 14:53,3/17/2023 14:57,266,4,0,0,1,1,0,0,1,1,3/17/2023 14:57,3/17/2023 15:04,381,3,1,0,1,0,0,0,0,1,3/17/2023 15:04,3/17/2023 15:10,351,6,1,1,0,1,1,1,0,1,23
1402020079,exp,3/17/2023 14:44,exp,314,3,0,1,1,0,0,0,0,1,3/17/2023 14:50,3/17/2023 14:53,189,6,1,1,1,0,1,0,1,1,3/17/2023 14:54,3/17/2023 14:59,292,5,0,0,1,1,0,1,1,1,3/17/2023 15:00,3/17/2023 15:05,281,2,1,0,0,0,0,0,0,1,3/17/2023 15:06,3/17/2023 15:11,253,4,1,1,0,1,0,0,0,1,20
1402020121,exp,3/17/2023 14:51,cont,401,5,0,0,1,0,1,1,1,1,3/17/2023 14:59,3/17/2023 15:02,174,6,1,1,0,0,1,1,1,1,3/17/2023 15:03,3/17/2023 15:07,284,5,1,0,0,1,1,0,1,1,3/17/2023 15:08,3/17/2023 15:12,241,3,1,0,0,0,0,1,1,0,3/17/2023 15:12,3/17/2023 15:18,302,3,1,1,0,0,0,0,1,0,22
1402020128,cont,3/17/2023 14:35,exp,505,4,0,1,1,0,1,0,1,0,3/17/2023 14:44,3/17/2023 14:51,426,6,0,1,1,1,1,1,1,0,3/17/2023 14:52,3/17/2023 15:01,594,2,1,0,0,0,0,0,0,1,3/17/2023 15:03,3/17/2023 15:13,585,1,0,0,0,1,0,0,0,0,3/17/2023 15:13,3/17/2023 15:22,543,4,1,1,0,1,0,0,0,1,17
1402020132,exp,3/17/2023 14:39,exp,592,6,1,1,0,0,1,1,1,1,3/17/2023 14:50,3/17/2023 14:57,402,6,1,1,1,0,1,0,1,1,3/17/2023 14:57,3/17/2023 15:06,532,4,0,0,1,1,0,0,1,1,3/17/2023 15:07,3/17/2023 15:14,467,3,1,0,1,0,0,0,0,1,3/17/2023 15:18,3/17/2023 15:22,251,4,1,1,0,1,0,0,0,1,23
1402021082,exp,3/17/2023 14:35,exp,269,5,0,1,1,0,1,0,1,1,3/17/2023 14:40,3/17/2023 14:44,198,5,1,1,0,1,1,1,0,0,3/17/2023 14:44,3/17/2023 14:50,348,6,0,1,1,1,1,0,1,1,3/17/2023 14:50,3/17/2023 14:55,278,0,0,0,0,0,0,0,0,0,3/17/2023 14:56,3/17/2023 15:04,472,7,1,1,0,1,1,1,1,1,23
